2026-10-01T18:52:13+09:00,https://porfolio.nekaso.es,200,0.138606
2026-10-01T18:52:13+09:00,https://google.es,301,0.140524
2026-10-01T18:52:14+09:00,https://google.com,301,0.128098
2026-10-01T18:52:14+09:00,https://laltromondo.es,520,0.542208
2026-10-01T18:52:14+09:00,https://markyp.com,530,0.100369
2026-10-01T18:52:14+09:00,https://youtube.com,301,0.136198
2026-10-01T18:52:14+09:00,https://nonexistant.pipapso,000,0.049251
2026-10-01T18:52:15+09:00,somethingthat is definetly not an url,000,0.000000
2026-10-01T18:52:15+09:00,https://github.com,200,0.175357
2026-10-01T18:52:15+09:00,https://reddit.com,301,0.079389
2026-10-01T18:52:27+09:00,https://porfolio.nekaso.es,200,0.117046
2026-10-01T18:52:27+09:00,https://google.es,301,0.117656
2026-10-01T18:52:27+09:00,https://google.com,301,0.153975
2026-10-01T18:52:27+09:00,https://laltromondo.es,520,0.539462
2026-10-01T18:52:28+09:00,https://markyp.com,530,0.081063
2026-10-01T18:52:28+09:00,https://youtube.com,301,0.124645
2026-10-01T18:52:28+09:00,https://github.com,200,0.174353
2026-10-01T18:52:28+09:00,https://reddit.com,301,0.071228
2026-10-01T18:52:35+09:00,https://porfolio.nekaso.es,200,0.122244
2026-10-01T18:52:35+09:00,https://google.es,301,0.122851
2026-10-01T18:52:35+09:00,https://google.com,301,0.129186
2026-10-01T18:52:35+09:00,https://laltromondo.es,520,0.562455
2026-10-01T18:52:36+09:00,https://markyp.com,530,0.086925
2026-10-01T18:52:36+09:00,https://youtube.com,301,0.140623
2026-10-01T18:52:36+09:00,https://nonexistant.pipapso,000,0.044988
2026-10-01T18:52:36+09:00,somethingthat is definetly not an url,000,0.000000
2026-10-01T18:52:36+09:00,https://github.com,200,0.175789
2026-10-01T18:52:36+09:00,https://reddit.com,301,0.074057
2026-10-01T18:52:58+09:00,https://porfolio.nekaso.es,200,0.177552
2026-10-01T18:52:58+09:00,https://google.es,301,0.147627
2026-10-01T18:52:58+09:00,https://google.com,301,0.123365
2026-10-01T18:52:58+09:00,https://laltromondo.es,520,0.525177
2026-10-01T18:52:59+09:00,https://markyp.com,530,0.096397
2026-10-01T18:52:59+09:00,https://youtube.com,301,0.144259
2026-10-01T18:52:59+09:00,https://nonexistant.pipapso,000,0.046111
2026-10-01T18:52:59+09:00,somethingthat is definetly not an url,000,0.000000
2026-10-01T18:52:59+09:00,https://github.com,200,0.172291
2026-10-01T18:52:59+09:00,https://reddit.com,301,0.071739
2026-10-01T18:53:00+09:00,https://porfolio.nekaso.es,200,0.114054
2026-10-01T18:53:00+09:00,https://google.es,301,0.120169
2026-10-01T18:53:00+09:00,https://google.com,301,0.127665
2026-10-01T18:53:00+09:00,https://laltromondo.es,520,0.535163
2026-10-01T18:53:01+09:00,https://markyp.com,530,0.097031
2026-10-01T18:53:01+09:00,https://youtube.com,301,0.130972
2026-10-01T18:53:01+09:00,https://nonexistant.pipapso,000,0.049939
2026-10-01T18:53:01+09:00,somethingthat is definetly not an url,000,0.000000
2026-10-01T18:53:01+09:00,https://github.com,200,0.194902
2026-10-01T18:53:01+09:00,https://reddit.com,301,0.076325
2026-10-01T18:53:01+09:00,https://porfolio.nekaso.es,200,0.222931
2026-10-01T18:53:02+09:00,https://google.es,301,0.127131
2026-10-01T18:53:02+09:00,https://google.com,301,0.122849
2026-10-01T18:53:02+09:00,https://laltromondo.es,520,0.519585
2026-10-01T18:53:02+09:00,https://markyp.com,530,0.090703
2026-10-01T18:53:03+09:00,https://youtube.com,301,0.130609
2026-10-01T18:53:03+09:00,https://nonexistant.pipapso,000,0.043304
2026-10-01T18:53:03+09:00,somethingthat is definetly not an url,000,0.000000
2026-10-01T18:53:03+09:00,https://github.com,200,0.173334
2026-10-01T18:53:03+09:00,https://reddit.com,301,0.078267
2026-10-01T18:53:03+09:00,https://porfolio.nekaso.es,200,0.164131
2026-10-01T18:53:03+09:00,https://google.es,301,0.114615
2026-10-01T18:53:03+09:00,https://google.com,301,0.115050
2026-10-01T18:53:04+09:00,https://laltromondo.es,520,0.532110
2026-10-01T18:53:04+09:00,https://markyp.com,530,0.083769
2026-10-01T18:53:04+09:00,https://youtube.com,301,0.139736
2026-10-01T18:53:04+09:00,https://nonexistant.pipapso,000,0.044079
2026-10-01T18:53:04+09:00,somethingthat is definetly not an url,000,0.000000
2026-10-01T18:53:04+09:00,https://github.com,200,0.171172
2026-10-01T18:53:05+09:00,https://reddit.com,301,0.074370
2026-10-01T18:53:05+09:00,https://porfolio.nekaso.es,200,0.181537
2026-10-01T18:53:05+09:00,https://google.es,301,0.134809
2026-10-01T18:53:05+09:00,https://google.com,301,0.122165
2026-10-01T18:53:05+09:00,https://laltromondo.es,520,0.524849
2026-10-01T18:53:06+09:00,https://markyp.com,530,0.080536
2026-10-01T18:53:06+09:00,https://youtube.com,301,0.133860
2026-10-01T18:53:06+09:00,https://nonexistant.pipapso,000,0.043092
2026-10-01T18:53:06+09:00,somethingthat is definetly not an url,000,0.000000
2026-10-01T18:53:06+09:00,https://github.com,200,0.167620
2026-10-01T18:53:06+09:00,https://reddit.com,301,0.075008
2026-10-01T18:53:07+09:00,https://porfolio.nekaso.es,200,0.179462
2026-10-01T18:53:07+09:00,https://google.es,301,0.121365
2026-10-01T18:53:07+09:00,https://google.com,301,0.120857
2026-10-01T18:53:07+09:00,https://laltromondo.es,520,0.551882
2026-10-01T18:53:08+09:00,https://markyp.com,530,0.094051
2026-10-01T18:53:08+09:00,https://youtube.com,301,0.130873
2026-10-01T18:53:08+09:00,https://nonexistant.pipapso,000,0.054928
2026-10-01T18:53:08+09:00,somethingthat is definetly not an url,000,0.000000
2026-10-01T18:53:08+09:00,https://github.com,200,0.175894
2026-10-01T18:53:08+09:00,https://reddit.com,301,0.088226
2026-10-01T18:53:08+09:00,https://porfolio.nekaso.es,200,0.204476
2026-10-01T18:53:09+09:00,https://google.es,301,0.116692
2026-10-01T18:53:09+09:00,https://google.com,301,0.127632
2026-10-01T18:53:09+09:00,https://laltromondo.es,520,0.563963
2026-10-01T18:53:09+09:00,https://markyp.com,530,0.089549
2026-10-01T18:53:09+09:00,https://youtube.com,301,0.134571
2026-10-01T18:53:10+09:00,https://nonexistant.pipapso,000,0.051733
2026-10-01T18:53:10+09:00,somethingthat is definetly not an url,000,0.000000
2026-10-01T18:53:10+09:00,https://github.com,200,0.181953
2026-10-01T18:53:10+09:00,https://reddit.com,301,0.076143
2026-10-01T18:53:10+09:00,https://porfolio.nekaso.es,200,0.142474
2026-10-01T18:53:10+09:00,https://google.es,301,0.122683
2026-10-01T18:53:10+09:00,https://google.com,301,0.128703
2026-10-01T18:53:11+09:00,https://laltromondo.es,520,0.557467
2026-10-01T18:53:11+09:00,https://markyp.com,530,0.108265
2026-10-01T18:53:11+09:00,https://youtube.com,301,0.153906
2026-10-01T18:53:11+09:00,https://nonexistant.pipapso,000,0.046351
2026-10-01T18:53:11+09:00,somethingthat is definetly not an url,000,0.000000
2026-10-01T18:53:11+09:00,https://github.com,200,0.181857
2026-10-01T18:53:12+09:00,https://reddit.com,301,0.072965
2026-10-01T18:53:12+09:00,https://porfolio.nekaso.es,200,0.178582
2026-10-01T18:53:12+09:00,https://google.es,301,0.133159
2026-10-01T18:53:12+09:00,https://google.com,301,0.125017
2026-10-01T18:53:12+09:00,https://laltromondo.es,520,0.572081
2026-10-01T18:53:13+09:00,https://markyp.com,530,0.094200
2026-10-01T18:53:13+09:00,https://youtube.com,301,0.149578
2026-10-01T18:53:13+09:00,https://nonexistant.pipapso,000,0.053607
2026-10-01T18:53:13+09:00,somethingthat is definetly not an url,000,0.000000
2026-10-01T18:53:13+09:00,https://github.com,200,0.184267
2026-10-01T18:53:14+09:00,https://reddit.com,301,0.078130
2026-10-01T18:53:14+09:00,https://porfolio.nekaso.es,200,0.151013
2026-10-01T18:53:14+09:00,https://google.es,301,0.123215
2026-10-01T18:53:14+09:00,https://google.com,301,0.128346
2026-10-01T18:53:14+09:00,https://laltromondo.es,520,0.560915
2026-10-01T18:53:15+09:00,https://markyp.com,530,1.105631
2026-10-01T18:53:16+09:00,https://youtube.com,301,0.143100
2026-10-01T18:53:16+09:00,https://nonexistant.pipapso,000,0.049474
2026-10-01T18:53:16+09:00,somethingthat is definetly not an url,000,0.000000
2026-10-01T18:53:16+09:00,https://github.com,200,0.196681
2026-10-01T18:53:19+09:00,https://reddit.com,301,0.080323
2026-10-01T18:53:19+09:00,https://porfolio.nekaso.es,200,0.190698
2026-10-01T18:53:20+09:00,https://google.es,301,0.122566
2026-10-01T18:53:20+09:00,https://google.com,301,0.127617
2026-10-01T18:53:20+09:00,https://laltromondo.es,520,0.530852
2026-10-01T18:53:21+09:00,https://markyp.com,530,0.087181
2026-10-01T18:53:21+09:00,https://youtube.com,301,0.125433
2026-10-01T18:53:21+09:00,https://nonexistant.pipapso,000,0.053276
2026-10-01T18:53:21+09:00,somethingthat is definetly not an url,000,0.000000
2026-10-01T18:53:21+09:00,https://github.com,200,0.176010
2026-10-01T18:53:21+09:00,https://reddit.com,301,0.076333
2026-10-01T18:53:21+09:00,https://porfolio.nekaso.es,200,0.206805
2026-10-01T18:53:21+09:00,https://google.es,301,0.115139
2026-10-01T18:53:22+09:00,https://google.com,301,0.129283
2026-10-01T18:53:22+09:00,https://laltromondo.es,520,0.539542
2026-10-01T18:53:22+09:00,https://markyp.com,530,0.085948
2026-10-01T18:53:22+09:00,https://youtube.com,301,0.133191
2026-10-01T18:53:23+09:00,https://nonexistant.pipapso,000,0.050250
2026-10-01T18:53:23+09:00,somethingthat is definetly not an url,000,0.000000
2026-10-01T18:53:23+09:00,https://github.com,200,0.179220
2026-10-01T18:53:23+09:00,https://reddit.com,301,0.079914
2026-10-01T18:53:23+09:00,https://porfolio.nekaso.es,200,0.185790
2026-10-01T18:53:23+09:00,https://google.es,301,0.117725
2026-10-01T18:53:23+09:00,https://google.com,301,0.128228
2026-10-01T18:53:23+09:00,https://laltromondo.es,520,0.556475
2026-10-01T18:53:24+09:00,https://markyp.com,530,0.092076
2026-10-01T18:53:24+09:00,https://youtube.com,301,0.135818
2026-10-01T18:53:24+09:00,https://nonexistant.pipapso,000,0.045962
2026-10-01T18:53:24+09:00,somethingthat is definetly not an url,000,0.000000
2026-10-01T18:53:24+09:00,https://github.com,200,0.179752
2026-10-01T18:53:25+09:00,https://reddit.com,301,0.082546
2026-10-01T18:53:25+09:00,https://porfolio.nekaso.es,200,0.189352
2026-10-01T18:53:25+09:00,https://google.es,301,0.132373
2026-10-01T18:53:25+09:00,https://google.com,301,0.123049
2026-10-01T18:53:25+09:00,https://laltromondo.es,520,0.536189
2026-10-01T18:53:26+09:00,https://markyp.com,530,0.093154
2026-10-01T18:53:26+09:00,https://youtube.com,301,0.135054
2026-10-01T18:53:26+09:00,https://nonexistant.pipapso,000,0.050134
2026-10-01T18:53:26+09:00,somethingthat is definetly not an url,000,0.000000
2026-10-01T18:53:26+09:00,https://github.com,200,0.194914
2026-10-01T18:53:26+09:00,https://reddit.com,301,0.078358
